S;s;i;n_fo;fo_list;Avg_fo;Std_fo
14460;8060;4;20;[-926.6299999999974, -4380.469999999994, -986.2599999999948, -566.9000000000015, -1080.7099999999991, -927.1300000000047, -1758.489999999998, -684.9900000000052, -671.2599999999948, -1045.239999999998, -869.9599999999991, -1129.8399999999965, -885.6999999999971, -1038.189999999995, -1113.760000000002, -1014.7900000000009, -776.9599999999991, -1133.0800000000017, -828.8699999999953, -934.7900000000009];-1137.7009999999987;801.3284909507909
12120;9620;4;20;[-8324.330000000002, -7229.669999999998, -8377.09, -8372.879999999997, -7789.859999999993, -8070.690000000002, -7676.239999999998, -7535.9100000000035, -7737.029999999999, -7625.220000000001, -7663.8499999999985, -8043.970000000001, -8418.910000000003, -7713.540000000001, -7922.549999999999, -8205.7, -8159.139999999999, -7896.720000000001, -8408.419999999998, -8137.860000000001];-7965.479;338.5386965193978
14200;7020;4;20;[-1362.2799999999988, -1566.7799999999988, -2175.0699999999997, -2005.6800000000003, -1741.9900000000052, -1434.2799999999988, -4330.449999999997, -2001.5400000000009, -1497.9599999999991, -1653.4599999999991, -2288.760000000002, -1782.8099999999977, -1789.4000000000015, -1806.449999999997, -1474.1100000000006, -1893.520000000004, -1594.739999999998, -1853.2200000000012, -4143.800000000003, -1669.1800000000003];-2003.2740000000001;801.5098307004562
13940;7540;4;20;[-2881.3699999999953, -2463.899999999994, -2095.6600000000035, -2344.3899999999994, -2536.4300000000003, -2323.6300000000047, -2530.4200000000055, -2519.6299999999974, -2917.5, -2813.6500000000015, -2401.8399999999965, -2054.4199999999983, -2412.939999999995, -2319.739999999998, -3006.810000000005, -2339.3099999999977, -2576.510000000002, -2764.3299999999945, -2370.0899999999965, -2528.959999999999];-2510.076499999999;257.84683226318293
14980;8580;4;20;[698.4499999999971, 400.0699999999997, 308.8099999999977, 678.9799999999959, 585.75, 463.92000000000553, -3158.100000000006, 377.5300000000061, 412.4599999999991, 421.72000000000116, 725.7699999999968, 339.7800000000061, 703.760000000002, 799.3600000000006, 734.489999999998, 578.4499999999971, -125.95999999999913, 831.0199999999968, -1718.9800000000032, 384.8099999999977];222.10449999999946;965.1843626695597
9520;13260;4;20;[-689690.95, -721632.1599999999, -702208.08, -699382.6599999999, -720123.91, -726522.51, -708343.2999999999, -707312.14, -696055.88, -729465.41, -711403.09, -714855.31, -719923.58, -722545.3999999999, -718021.2, -714172.25, -712181.61, -700479.5599999999, -715768.24, -709861.62];-711997.443;10493.236614215202
13680;11960;4;20;[-4536.1500000000015, -4529.8399999999965, -8865.23, -4074.8699999999953, -4391.1600000000035, -4310.769999999997, -4303.439999999995, -3730.1200000000026, -4481.129999999997, -4541.9100000000035, -4318.950000000004, -4550.110000000001, -4505.769999999997, -4558.060000000005, -3785.840000000004, -4447.959999999999, -4706.440000000002, -3978.3300000000017, -3960.9199999999983, -4227.620000000003];-4540.231000000001;1054.2619012914847
13940;8060;4;20;[-2881.3699999999953, -2463.899999999994, -2095.6600000000035, -2344.3899999999994, -2536.4300000000003, -2323.6300000000047, -2530.4200000000055, -2519.6299999999974, -2917.5, -2813.6500000000015, -2401.8399999999965, -2054.4199999999983, -2412.939999999995, -2319.739999999998, -3006.810000000005, -2339.3099999999977, -2576.510000000002, -2764.3299999999945, -2370.0899999999965, -2528.959999999999];-2510.076499999999;257.84683226318293
14200;8060;4;20;[-1362.2799999999988, -1566.7799999999988, -2175.0699999999997, -2005.6800000000003, -1741.9900000000052, -1434.2799999999988, -4330.449999999997, -2001.5400000000009, -1497.9599999999991, -1653.4599999999991, -2288.760000000002, -1782.8099999999977, -1789.4000000000015, -1806.449999999997, -1474.1100000000006, -1893.520000000004, -1594.739999999998, -1853.2200000000012, -4143.800000000003, -1669.1800000000003];-2003.2740000000001;801.5098307004562
10820;10140;4;20;[-16185.18, -16777.62, -16210.719999999998, -15980.169999999998, -16374.929999999997, -16065.509999999998, -16165.510000000002, -15722.060000000001, -16256.759999999998, -16071.39, -16394.22, -15931.779999999999, -16290.699999999997, -15653.810000000001, -16185.679999999997, -16335.110000000004, -16500.569999999996, -16283.800000000003, -16262.309999999998, -16298.179999999997];-16197.3005;253.99804882124533
10040;11440;4;20;[-699111.17, -714743.27, -725299.5800000001, -727348.73, -737424.25, -695174.2100000001, -716476.49, -705781.95, -719550.15, -705208.5700000001, -691478.95, -714833.86, -724852.05, -708138.7, -732129.38, -714855.3, -714262.38, -711085.5499999999, -694996.46, -731977.42];-714236.421;13167.254736190283
13160;8580;4;20;[-5044.769999999997, -4742.960000000006, -4975.840000000004, -6232.580000000002, -4840.440000000002, -4781.360000000001, -4580.049999999996, -5207.340000000004, -4960.409999999996, -5381.029999999999, -4989.3399999999965, -5243.010000000002, -5201.189999999995, -4938.5, -5020.25, -5070.040000000001, -5092.919999999998, -4970.239999999998, -4786.830000000002, -5175.690000000002];-5061.7395;336.04579453707316
15500;8580;4;20;[1700.5899999999965, 1680.4599999999991, -1439.1700000000055, 1903.9100000000035, 1828.1700000000055, 1683.25, 2130.0499999999956, 1591.5899999999965, 1984.270000000004, 1771.9300000000003, 2022.6800000000003, 1757.0800000000017, 2704.8199999999997, 1284.7799999999988, 1881.969999999994, 2133.769999999997, 1810.9099999999962, 1441.6200000000026, -1573.7799999999988, 1648.3299999999945];1497.361499999999;1068.3134055247776
14720;8320;4;20;[-92.94999999999709, -550.010000000002, -132.27000000000407, -107.7699999999968, -614.5300000000061, -274.23999999999796, -559.5800000000017, -44.200000000004366, 191.5, -275.1800000000003, -315.73999999999796, -311.81000000000495, -584.3199999999997, -494.5199999999968, -194.47000000000116, -752.310000000005, -489.6800000000003, 56.68999999999505, -568.25, -216.44000000000233];-316.50400000000116;253.0383592181028
14200;10920;4;20;[-1362.2799999999988, -1566.7799999999988, -2175.0699999999997, -2005.6800000000003, -1741.9900000000052, -1434.2799999999988, -4330.449999999997, -2001.5400000000009, -1497.9599999999991, -1653.4599999999991, -2288.760000000002, -1782.8099999999977, -1789.4000000000015, -1806.449999999997, -1474.1100000000006, -1893.520000000004, -1594.739999999998, -1853.2200000000012, -4143.800000000003, -1669.1800000000003];-2003.2740000000001;801.5098307004562
13160;12220;4;20;[-8586.309999999998, -8268.250000000004, -8090.639999999996, -10793.810000000001, -8555.889999999996, -8072.009999999998, -8659.82, -8178.169999999998, -8451.439999999999, -8169.169999999998, -9114.759999999998, -8471.170000000002, -8383.220000000005, -8520.199999999997, -8811.619999999999, -8560.730000000003, -8290.57, -8795.409999999996, -8788.899999999998, -9002.619999999999];-8628.235499999999;587.1184346896023
9000;7020;4;20;[-17686.219999999998, -17721.840000000004, -17498.24, -17284.56, -17310.969999999998, -17167.579999999998, -17499.67, -17319.28, -17599.649999999998, -17388.530000000002, -17700.13, -17318.170000000002, -17301.460000000003, -17579.15, -17599.020000000004, -17133.5, -17506.390000000003, -17271.030000000002, -17619.149999999998, -17511.2];-17450.787;179.59535974840205
14200;6500;4;20;[-1362.2799999999988, -1566.7799999999988, -2175.0699999999997, -2005.6800000000003, -1741.9900000000052, -1434.2799999999988, -4330.449999999997, -2001.5400000000009, -1497.9599999999991, -1653.4599999999991, -2288.760000000002, -1782.8099999999977, -1789.4000000000015, -1806.449999999997, -1474.1100000000006, -1893.520000000004, -1594.739999999998, -1853.2200000000012, -4143.800000000003, -1669.1800000000003];-2003.2740000000001;801.5098307004562
9260;8580;4;20;[-20123.739999999998, -19290.679999999997, -20164.15, -20513.629999999997, -19770.82, -19654.429999999997, -19916.97, -19952.63, -20324.050000000003, -19749.75, -20204.68, -20266.639999999996, -20004.36, -20126.28, -20004.000000000004, -19810.070000000003, -19810.300000000003, -20006.859999999997, -19787.370000000003, -19804.69];-19964.305;273.0793943256488
11080;10660;4;20;[-18640.01, -18423.850000000002, -20215.480000000003, -19699.429999999997, -19200.989999999998, -18720.809999999998, -18450.28, -17806.22, -18614.16, -18385.960000000003, -18026.15, -18139.980000000003, -18653.410000000003, -18360.42, -20914.65, -19051.61, -18934.36, -18568.939999999995, -18549.22, -18683.569999999996];-18801.975;739.6523907641737
15240;9100;4;20;[1243.0299999999988, 1496.1200000000026, 912.5699999999997, 1218.310000000005, 1491.8699999999953, 1201.0599999999977, 836.6100000000006, 1006.0500000000029, 1263.0499999999956, 845.0999999999985, 1261.5599999999977, 1518.1800000000003, 2086.8499999999985, 833.6600000000035, 2194.1200000000026, 1406.75, 1008.75, 800.9400000000023, 1153.1400000000067, 884.4199999999983];1233.1070000000004;389.9881305899609
14460;12220;4;20;[-1904.760000000002, -1884.9599999999991, -1800.729999999996, -1485.6399999999994, -1251.0900000000038, -1741.520000000004, -1768.7000000000044, -1151.25, -1537.7599999999948, -929.75, -5192.309999999998, -1386.4100000000035, -1486.2400000000052, -1317.0800000000017, -1456.729999999996, -1903.2899999999936, -1554.6100000000006, -1620.6299999999974, -953.4599999999991, -1578.7200000000012];-1695.282;872.0016388963346
15760;8840;4;20;[2345.029999999999, 2433.590000000004, 2507.3499999999985, 2542.1699999999983, 2647.529999999999, 2420.3799999999974, 2221.3299999999945, 2471.010000000002, -949.3799999999974, 2544.970000000001, 2494.970000000001, 2553.230000000003, 2631.959999999999, 2279.1699999999983, 2969.449999999997, 2664.6500000000015, 2786.769999999997, 2606.5799999999945, 2523.9199999999983, -855.3600000000006];2191.9659999999994;1071.362785660836
11340;9620;4;20;[-11006.330000000002, -11146.470000000001, -10569.84, -11123.779999999999, -11062.43, -10963.029999999999, -11063.990000000002, -12140.96, -10611.82, -10612.529999999999, -11351.670000000002, -11561.400000000001, -11279.840000000004, -11371.809999999998, -11328.520000000004, -11603.739999999998, -10517.399999999998, -11301.080000000002, -11151.89, -11259.550000000003];-11151.404;391.8354642529387
13160;9360;4;20;[-5044.769999999997, -4742.960000000006, -4975.840000000004, -6232.580000000002, -4840.440000000002, -4781.360000000001, -4580.049999999996, -5207.340000000004, -4960.409999999996, -5381.029999999999, -4989.3399999999965, -5243.010000000002, -5201.189999999995, -4938.5, -5020.25, -5070.040000000001, -5092.919999999998, -4970.239999999998, -4786.830000000002, -5175.690000000002];-5061.7395;336.04579453707316
14980;10140;4;20;[698.4499999999971, 400.0699999999997, 308.8099999999977, 678.9799999999959, 585.75, 463.92000000000553, -3158.100000000006, 377.5300000000061, 412.4599999999991, 421.72000000000116, 725.7699999999968, 339.7800000000061, 703.760000000002, 799.3600000000006, 734.489999999998, 578.4499999999971, -125.95999999999913, 831.0199999999968, -1718.9800000000032, 384.8099999999977];222.10449999999946;965.1843626695597
11340;7800;4;20;[-10206.119999999999, -10024.23, -10268.070000000003, -9854.7, -10375.79, -10110.169999999998, -10228.160000000003, -9818.349999999999, -9996.0, -10061.459999999995, -10351.989999999998, -10287.730000000003, -10234.720000000001, -9999.039999999997, -10368.82, -10082.300000000003, -10502.89, -10235.219999999998, -10336.569999999996, -10100.590000000004];-10172.146;180.8997625147551
10560;8060;4;20;[-12488.780000000002, -12355.859999999997, -12592.68, -12696.870000000003, -12529.869999999999, -12505.18, -12589.300000000003, -12426.919999999998, -12388.609999999997, -13403.970000000005, -12362.880000000001, -12678.960000000003, -12102.629999999997, -12224.0, -12788.689999999999, -12285.02, -12374.359999999997, -12405.309999999998, -12267.170000000002, -13210.32];-12533.869;315.15183217818026
11860;9100;4;20;[-8552.68, -8933.61, -8514.45, -8665.219999999998, -8374.340000000004, -8696.660000000003, -8531.039999999997, -8034.130000000001, -8590.719999999998, -8239.109999999997, -8442.220000000001, -8457.32, -8423.650000000001, -8335.830000000002, -8490.93, -8159.529999999999, -8202.59, -8914.080000000002, -8531.780000000002, -8917.970000000001];-8500.393;246.72816582542634
14200;7800;4;20;[-1362.2799999999988, -1566.7799999999988, -2175.0699999999997, -2005.6800000000003, -1741.9900000000052, -1434.2799999999988, -4330.449999999997, -2001.5400000000009, -1497.9599999999991, -1653.4599999999991, -2288.760000000002, -1782.8099999999977, -1789.4000000000015, -1806.449999999997, -1474.1100000000006, -1893.520000000004, -1594.739999999998, -1853.2200000000012, -4143.800000000003, -1669.1800000000003];-2003.2740000000001;801.5098307004562
14460;7540;4;20;[-926.6299999999974, -4380.469999999994, -986.2599999999948, -566.9000000000015, -1080.7099999999991, -927.1300000000047, -1758.489999999998, -684.9900000000052, -671.2599999999948, -1045.239999999998, -869.9599999999991, -1129.8399999999965, -885.6999999999971, -1038.189999999995, -1113.760000000002, -1014.7900000000009, -776.9599999999991, -1133.0800000000017, -828.8699999999953, -934.7900000000009];-1137.7009999999987;801.3284909507909
13420;7280;4;20;[-4361.510000000002, -4052.760000000002, -3880.800000000003, -4223.869999999995, -4002.1299999999974, -4342.68, -4375.440000000002, -3841.6600000000035, -3714.6299999999974, -4111.1500000000015, -4169.580000000002, -4003.199999999997, -4041.899999999994, -4190.630000000005, -4184.1500000000015, -4042.6500000000015, -4071.4400000000023, -3986.6100000000006, -4102.699999999997, -4157.25];-4092.8370000000004;169.4926884962427
10040;11700;4;20;[-699111.17, -714743.27, -725299.5800000001, -727348.73, -737424.25, -695174.2100000001, -716476.49, -705781.95, -719550.15, -705208.5700000001, -691478.95, -714833.86, -724852.05, -708138.7, -732129.38, -714855.3, -714262.38, -711085.5499999999, -694996.46, -731977.42];-714236.421;13167.254736190283
11340;11180;4;20;[-25163.909999999996, -24268.99, -26211.99, -24956.930000000004, -25414.600000000006, -25313.920000000006, -26627.679999999997, -23874.799999999996, -25401.28, -24839.4, -24202.799999999996, -24177.950000000004, -27121.520000000004, -26691.989999999998, -23210.390000000003, -26533.25, -25425.730000000003, -25832.810000000005, -24574.600000000002, -25776.949999999997];-25281.074500000002;1044.0961684002857
9260;6500;4;20;[-15993.249999999996, -18886.969999999998, -16161.789999999997, -16308.879999999997, -15886.609999999997, -15705.330000000002, -15776.43, -16144.460000000003, -15998.679999999997, -15875.779999999999, -15840.570000000003, -16010.939999999999, -16055.319999999996, -15993.489999999998, -16968.7, -15919.980000000003, -15674.359999999997, -15980.010000000002, -15765.75, -15914.09];-16143.0695;702.4369848229126
14200;7540;4;20;[-1362.2799999999988, -1566.7799999999988, -2175.0699999999997, -2005.6800000000003, -1741.9900000000052, -1434.2799999999988, -4330.449999999997, -2001.5400000000009, -1497.9599999999991, -1653.4599999999991, -2288.760000000002, -1782.8099999999977, -1789.4000000000015, -1806.449999999997, -1474.1100000000006, -1893.520000000004, -1594.739999999998, -1853.2200000000012, -4143.800000000003, -1669.1800000000003];-2003.2740000000001;801.5098307004562
11860;11700;4;20;[-23248.76, -25238.079999999998, -24092.120000000003, -24311.72, -25232.799999999996, -26185.469999999998, -22909.71, -23819.440000000002, -23260.570000000003, -24297.809999999998, -23285.93, -24217.979999999996, -24926.75, -28126.52, -25179.43, -25196.86, -23850.839999999997, -23935.98, -23460.45, -24657.190000000002];-24471.7205;1212.2759027047775
15500;10660;4;20;[1700.5899999999965, 1680.4599999999991, -1439.1700000000055, 1903.9100000000035, 1828.1700000000055, 1683.25, 2130.0499999999956, 1591.5899999999965, 1984.270000000004, 1771.9300000000003, 2022.6800000000003, 1757.0800000000017, 2704.8199999999997, 1284.7799999999988, 1881.969999999994, 2133.769999999997, 1810.9099999999962, 1441.6200000000026, -1573.7799999999988, 1648.3299999999945];1497.361499999999;1068.3134055247776
11340;13260;4;20;[-694654.35, -699553.8, -692775.14, -690507.87, -721476.1499999999, -715594.75, -716526.2999999999, -714689.48, -690754.63, -702549.22, -724579.26, -689406.98, -687212.7799999999, -699705.84, -735533.8200000001, -691709.34, -687256.02, -705858.85, -708391.73, -703871.89];-703630.41;13928.878668370602
13160;13260;4;20;[-698384.14, -684096.05, -736294.34, -694931.17, -686793.45, -696897.74, -716075.51, -698410.9, -682326.6900000001, -711704.16, -698191.11, -698278.57, -703834.88, -697448.7400000001, -699515.5, -688219.42, -674521.83, -683413.96, -710345.94, -691840.17];-697576.2135;13840.565972693708
11080;10400;4;20;[-15694.640000000003, -16060.399999999998, -15520.27, -15193.029999999999, -15236.079999999998, -16052.609999999997, -15543.27, -15488.499999999996, -16026.779999999999, -15461.650000000001, -15492.71, -15910.609999999997, -15302.73, -15001.119999999999, -16766.04, -15870.960000000003, -15388.580000000002, -15458.77, -15157.099999999999, -15186.760000000002];-15590.6305;420.8408668302945
12900;8580;4;20;[-5896.950000000004, -5977.169999999998, -5741.080000000002, -6910.529999999999, -5681.019999999997, -6028.5899999999965, -5891.879999999997, -5849.8499999999985, -5614.770000000004, -5870.169999999998, -5559.479999999996, -5373.290000000001, -5557.230000000003, -5941.529999999999, -5824.669999999998, -5914.5899999999965, -5504.059999999998, -5391.730000000003, -5831.159999999996, -5848.259999999995];-5810.400499999999;322.99158803572834
11340;9880;4;20;[-11389.900000000001, -11539.580000000002, -11212.499999999996, -10913.43, -11313.02, -11054.960000000003, -11866.880000000001, -11198.779999999999, -11999.870000000003, -14466.809999999998, -10857.599999999999, -11323.410000000003, -11912.669999999998, -11067.900000000001, -11226.419999999998, -11129.369999999999, -11276.61, -11529.510000000002, -12837.25, -11812.640000000003];-11596.4555;818.0323206230588
14200;8580;4;20;[-1362.2799999999988, -1566.7799999999988, -2175.0699999999997, -2005.6800000000003, -1741.9900000000052, -1434.2799999999988, -4330.449999999997, -2001.5400000000009, -1497.9599999999991, -1653.4599999999991, -2288.760000000002, -1782.8099999999977, -1789.4000000000015, -1806.449999999997, -1474.1100000000006, -1893.520000000004, -1594.739999999998, -1853.2200000000012, -4143.800000000003, -1669.1800000000003];-2003.2740000000001;801.5098307004562
13160;11440;4;20;[-5811.889999999999, -5936.709999999999, -6367.43, -5718.629999999997, -5576.449999999997, -5880.470000000001, -5830.299999999996, -6467.559999999998, -5726.219999999994, -6033.019999999997, -5785.0999999999985, -5990.32, -5568.57, -6116.869999999995, -6240.940000000002, -5587.510000000002, -5516.0, -6089.949999999997, -5945.220000000001, -5892.830000000002];-5904.099499999998;263.36531897077674
10820;8840;4;20;[-12409.980000000003, -12263.250000000004, -11967.689999999999, -11956.66, -12144.619999999999, -12398.009999999998, -12050.710000000003, -12130.269999999997, -12077.55, -12301.16, -12255.11, -11866.320000000003, -11928.71, -11967.999999999996, -12927.589999999997, -11981.380000000001, -12462.75, -11716.86, -11975.18, -12251.59];-12151.6695;269.879188692293
13680;10660;4;20;[-2960.510000000002, -3134.5799999999945, -3127.8300000000017, -2687.6600000000035, -3216.6900000000023, -3575.760000000002, -3396.8499999999985, -3637.1800000000003, -3267.480000000003, -3542.770000000004, -3385.4500000000044, -3283.5699999999997, -3866.1600000000035, -3084.1200000000026, -3462.8199999999997, -3167.1600000000035, -3189.350000000006, -3062.340000000004, -3446.100000000006, -3271.7999999999956];-3288.309000000002;263.6057259960313
9260;7800;4;20;[-17159.039999999997, -17444.14, -17820.77, -17964.3, -16729.27, -16938.299999999996, -17420.929999999997, -17024.56, -17425.579999999998, -17153.649999999998, -16706.059999999998, -17703.85, -17207.739999999998, -17319.059999999998, -17042.14, -17114.519999999997, -17668.86, -17281.21, -17063.219999999998, -17079.170000000002];-17263.318499999998;338.5216780631403
15240;8840;4;20;[1243.0299999999988, 1496.1200000000026, 912.5699999999997, 1218.310000000005, 1491.8699999999953, 1201.0599999999977, 836.6100000000006, 1006.0500000000029, 1263.0499999999956, 845.0999999999985, 1261.5599999999977, 1518.1800000000003, 2086.8499999999985, 833.6600000000035, 2194.1200000000026, 1406.75, 1008.75, 800.9400000000023, 1153.1400000000067, 884.4199999999983];1233.1070000000004;389.9881305899609
13420;10400;4;20;[-4361.510000000002, -4052.760000000002, -3880.800000000003, -4223.869999999995, -4002.1299999999974, -4342.68, -4375.440000000002, -3841.6600000000035, -3714.6299999999974, -4111.1500000000015, -4169.580000000002, -4003.199999999997, -4041.899999999994, -4190.630000000005, -4184.1500000000015, -4042.6500000000015, -4071.4400000000023, -3986.6100000000006, -4102.699999999997, -4157.25];-4092.8370000000004;169.4926884962427
11600;11700;4;20;[-719466.5599999999, -719363.67, -733714.4199999999, -701413.73, -704653.6499999999, -710348.1, -694703.08, -704892.27, -679824.8500000001, -686338.6599999999, -707806.5, -705414.1799999999, -703586.27, -717793.73, -711372.6, -715951.14, -676435.74, -724447.32, -703646.55, -704524.02];-706284.852;14266.615521272239
13680;7540;4;20;[-2960.510000000002, -3134.5799999999945, -3127.8300000000017, -2687.6600000000035, -3216.6900000000023, -3575.760000000002, -3396.8499999999985, -3637.1800000000003, -3267.480000000003, -3542.770000000004, -3385.4500000000044, -3283.5699999999997, -3866.1600000000035, -3084.1200000000026, -3462.8199999999997, -3167.1600000000035, -3189.350000000006, -3062.340000000004, -3446.100000000006, -3271.7999999999956];-3288.309000000002;263.6057259960313
15240;11440;4;20;[1243.0299999999988, 1496.1200000000026, 912.5699999999997, 1218.310000000005, 1491.8699999999953, 1201.0599999999977, 836.6100000000006, 1006.0500000000029, 1263.0499999999956, 845.0999999999985, 1261.5599999999977, 1518.1800000000003, 2086.8499999999985, 833.6600000000035, 2194.1200000000026, 1406.75, 1008.75, 800.9400000000023, 1153.1400000000067, 884.4199999999983];1233.1070000000004;389.9881305899609
13680;11180;4;20;[-3523.3600000000006, -3711.3499999999985, -3995.050000000003, -3638.0899999999965, -3488.409999999996, -3089.8699999999953, -3342.2999999999956, -4083.790000000001, -3769.529999999999, -3507.040000000001, -3158.409999999996, -3314.229999999996, -3630.1699999999983, -3084.1200000000026, -4399.659999999996, -3067.530000000006, -3668.9000000000015, -3125.3300000000017, -5183.850000000006, -3082.2000000000044];-3593.1594999999998;526.0991760462847
12380;9100;4;20;[-7116.010000000002, -7003.559999999998, -6836.0999999999985, -7104.860000000001, -7103.560000000005, -7019.279999999999, -6628.489999999998, -6590.5, -6852.129999999997, -7522.550000000003, -6919.709999999999, -7486.82, -6584.049999999996, -6955.270000000004, -7651.979999999996, -6789.390000000007, -7602.409999999996, -7483.8299999999945, -6767.440000000002, -7042.75];-7053.0345;336.20152779130865
11600;10400;4;20;[-14121.529999999999, -11720.690000000002, -11218.079999999998, -11190.109999999997, -11203.43, -11379.610000000004, -11170.990000000005, -11721.23, -11445.009999999998, -11650.850000000002, -11438.459999999995, -11717.580000000002, -11573.93, -11391.82, -11320.460000000003, -11656.210000000003, -11209.800000000003, -11659.600000000002, -11457.040000000005, -11494.739999999998];-11587.058500000001;626.89554614931
13160;10660;4;20;[-4981.350000000006, -4749.25, -5161.909999999996, -5148.5799999999945, -4877.040000000001, -4722.979999999996, -5527.669999999998, -5715.139999999999, -5318.040000000001, -5381.029999999999, -4808.269999999997, -5207.57, -5011.939999999995, -5019.8499999999985, -4854.830000000002, -4831.8399999999965, -5350.129999999997, -5015.419999999998, -4868.469999999994, -4981.540000000001];-5076.642499999998;270.69990089775195
15760;8060;4;20;[2345.029999999999, 2433.590000000004, 2507.3499999999985, 2542.1699999999983, 2647.529999999999, 2420.3799999999974, 2221.3299999999945, 2471.010000000002, -949.3799999999974, 2544.970000000001, 2494.970000000001, 2553.230000000003, 2631.959999999999, 2279.1699999999983, 2969.449999999997, 2664.6500000000015, 2786.769999999997, 2606.5799999999945, 2523.9199999999983, -855.3600000000006];2191.9659999999994;1071.362785660836
15500;8060;4;20;[1700.5899999999965, 1680.4599999999991, -1439.1700000000055, 1903.9100000000035, 1828.1700000000055, 1683.25, 2130.0499999999956, 1591.5899999999965, 1984.270000000004, 1771.9300000000003, 2022.6800000000003, 1757.0800000000017, 2704.8199999999997, 1284.7799999999988, 1881.969999999994, 2133.769999999997, 1810.9099999999962, 1441.6200000000026, -1573.7799999999988, 1648.3299999999945];1497.361499999999;1068.3134055247776
11080;10140;4;20;[-13483.59, -13536.73, -14015.090000000004, -13417.390000000003, -13277.57, -14277.220000000001, -13925.59, -13511.849999999999, -13264.870000000003, -13884.669999999998, -13484.329999999998, -13130.800000000003, -13420.199999999997, -13599.049999999996, -15124.859999999997, -13600.75, -14173.740000000002, -13656.769999999997, -13876.310000000001, -13377.880000000001];-13701.963;455.03779530819963
9520;13000;4;20;[-689690.95, -721632.1599999999, -702208.08, -699382.6599999999, -720123.91, -726522.51, -708343.2999999999, -707312.14, -696055.88, -729465.41, -711403.09, -714855.31, -719923.58, -722545.3999999999, -718021.2, -714172.25, -712181.61, -700479.5599999999, -715768.24, -709861.62];-711997.443;10493.236614215202
14720;11700;4;20;[-92.94999999999709, -550.010000000002, -132.27000000000407, -107.7699999999968, -614.5300000000061, -274.23999999999796, -559.5800000000017, -44.200000000004366, 191.5, -275.1800000000003, -315.73999999999796, -311.81000000000495, -584.3199999999997, -494.5199999999968, -194.47000000000116, -752.310000000005, -489.6800000000003, 56.68999999999505, -568.25, -216.44000000000233];-316.50400000000116;253.0383592181028
12900;10140;4;20;[-5896.950000000004, -5977.169999999998, -5741.080000000002, -6910.529999999999, -5681.019999999997, -6028.5899999999965, -5891.879999999997, -5849.8499999999985, -5614.770000000004, -5870.169999999998, -5559.479999999996, -5373.290000000001, -5557.230000000003, -5941.529999999999, -5824.669999999998, -5914.5899999999965, -5504.059999999998, -5391.730000000003, -5831.159999999996, -5848.259999999995];-5810.400499999999;322.99158803572834
12120;10140;4;20;[-8852.86, -8430.749999999996, -8342.620000000003, -8653.310000000001, -8225.239999999998, -8235.670000000002, -8218.580000000002, -7832.41, -8749.529999999999, -8593.900000000001, -7853.689999999995, -8873.889999999996, -11279.869999999999, -7977.369999999999, -8677.54, -8803.800000000003, -8578.380000000005, -8305.759999999998, -8391.95, -8206.440000000002];-8554.178;713.9239957527544
11600;7020;4;20;[-9164.21, -9734.55, -9555.310000000001, -9031.179999999997, -8887.71, -9709.45, -10811.360000000004, -9251.710000000003, -9305.68, -9159.039999999997, -9249.07, -9229.670000000002, -9268.460000000003, -9452.900000000005, -9311.54, -9362.86, -10039.8, -9381.470000000001, -9583.840000000004, -12534.8];-9601.230500000001;804.8679044903483
9780;13000;4;20;[-721825.72, -703558.12, -742657.9700000001, -710859.97, -713281.83, -725446.41, -675381.06, -693309.95, -692829.23, -713778.38, -715809.46, -716706.81, -702018.83, -723649.53, -690472.23, -724711.63, -705086.25, -707285.4800000001, -699611.9199999999, -692558.03];-708541.9405;15579.617837674463
10560;13000;4;20;[-719791.3500000001, -724778.85, -693525.5, -716250.7100000001, -714252.46, -695613.26, -710995.5199999999, -721186.41, -713435.06, -711755.41, -713672.1000000001, -697940.0, -712236.7300000001, -729484.2999999999, -726082.76, -729079.37, -701299.2000000001, -729840.18, -691484.24, -739289.0499999999];-714599.623;13384.927311061922
12380;8580;4;20;[-7116.010000000002, -7003.559999999998, -6836.0999999999985, -7104.860000000001, -7103.560000000005, -7019.279999999999, -6628.489999999998, -6590.5, -6852.129999999997, -7522.550000000003, -6919.709999999999, -7486.82, -6584.049999999996, -6955.270000000004, -7651.979999999996, -6789.390000000007, -7602.409999999996, -7483.8299999999945, -6767.440000000002, -7042.75];-7053.0345;336.20152779130865
15500;8840;4;20;[1700.5899999999965, 1680.4599999999991, -1439.1700000000055, 1903.9100000000035, 1828.1700000000055, 1683.25, 2130.0499999999956, 1591.5899999999965, 1984.270000000004, 1771.9300000000003, 2022.6800000000003, 1757.0800000000017, 2704.8199999999997, 1284.7799999999988, 1881.969999999994, 2133.769999999997, 1810.9099999999962, 1441.6200000000026, -1573.7799999999988, 1648.3299999999945];1497.361499999999;1068.3134055247776
13420;10140;4;20;[-4361.510000000002, -4052.760000000002, -3880.800000000003, -4223.869999999995, -4002.1299999999974, -4342.68, -4375.440000000002, -3841.6600000000035, -3714.6299999999974, -4111.1500000000015, -4169.580000000002, -4003.199999999997, -4041.899999999994, -4190.630000000005, -4184.1500000000015, -4042.6500000000015, -4071.4400000000023, -3986.6100000000006, -4102.699999999997, -4157.25];-4092.8370000000004;169.4926884962427
10300;8060;4;20;[-12888.190000000002, -13157.760000000002, -13687.149999999998, -13115.909999999996, -13349.52, -13245.689999999995, -12840.09, -13323.090000000004, -13321.010000000002, -13388.549999999996, -13090.399999999998, -13095.04, -13633.329999999998, -13418.499999999996, -13130.560000000001, -15169.669999999998, -13222.95, -13031.219999999998, -13462.500000000004, -12994.019999999997];-13328.2575;487.5845960486724
9520;10920;4;20;[-689690.95, -721632.1599999999, -702208.08, -699382.6599999999, -720123.91, -726522.51, -708343.2999999999, -707312.14, -696055.88, -729465.41, -711403.09, -714855.31, -719923.58, -722545.3999999999, -718021.2, -714172.25, -712181.61, -700479.5599999999, -715768.24, -709861.62];-711997.443;10493.236614215202
12380;8060;4;20;[-7116.010000000002, -7003.559999999998, -6836.0999999999985, -7104.860000000001, -7103.560000000005, -7019.279999999999, -6628.489999999998, -6590.5, -6852.129999999997, -7522.550000000003, -6919.709999999999, -7486.82, -6584.049999999996, -6955.270000000004, -7651.979999999996, -6789.390000000007, -7602.409999999996, -7483.8299999999945, -6767.440000000002, -7042.75];-7053.0345;336.20152779130865
12900;12740;4;20;[-23724.74, -21824.24, -22856.73, -24048.81, -22873.81, -24230.28, -21210.539999999997, -23406.8, -21595.800000000003, -22890.280000000002, -23784.88, -22400.64, -20973.679999999997, -23341.25, -22376.46, -22093.43, -22239.829999999998, -22498.530000000002, -23531.49, -22706.600000000002];-22730.441;919.4446236832325
9780;6760;4;20;[-14385.190000000002, -14361.96, -17235.51, -14161.369999999999, -14263.470000000001, -14427.61, -14468.71, -14701.140000000003, -14274.979999999996, -14866.070000000003, -14651.719999999998, -14593.229999999996, -14432.100000000002, -14935.339999999997, -14360.969999999998, -14373.630000000005, -14389.370000000003, -14546.789999999997, -14225.690000000002, -14061.96];-14585.8405;661.4381580391795
14200;12220;4;20;[-2998.25, -2793.760000000002, -2450.010000000002, -2235.9100000000035, -2885.1800000000003, -1742.5, -2343.8300000000017, -3255.6600000000035, -2677.6399999999994, -2199.0999999999985, -2292.3700000000026, -2011.439999999995, -2766.8499999999985, -2847.459999999999, -2133.0800000000017, -2088.8300000000017, -2925.4100000000035, -2566.3300000000017, -2070.970000000001, -2420.3799999999974];-2485.2480000000005;397.0499641712885
14980;11180;4;20;[698.4499999999971, 400.0699999999997, 308.8099999999977, 678.9799999999959, 585.75, 463.92000000000553, -3158.100000000006, 377.5300000000061, 412.4599999999991, 421.72000000000116, 725.7699999999968, 339.7800000000061, 703.760000000002, 799.3600000000006, 734.489999999998, 578.4499999999971, -125.95999999999913, 831.0199999999968, -1718.9800000000032, 384.8099999999977];222.10449999999946;965.1843626695597
10560;9360;4;20;[-14316.939999999999, -14479.219999999998, -14747.64, -14074.14, -14209.509999999998, -14355.180000000004, -13986.939999999999, -14008.650000000005, -13959.279999999999, -14043.919999999998, -15082.759999999995, -14666.140000000003, -14272.819999999996, -13867.599999999999, -14104.560000000005, -14163.870000000003, -14048.979999999996, -14139.779999999999, -14072.89, -14257.780000000002];-14242.93;301.5490268247388
13680;6500;4;20;[-2960.510000000002, -3134.5799999999945, -3127.8300000000017, -2687.6600000000035, -3216.6900000000023, -3575.760000000002, -3396.8499999999985, -3637.1800000000003, -3267.480000000003, -3542.770000000004, -3385.4500000000044, -3283.5699999999997, -3866.1600000000035, -3084.1200000000026, -3462.8199999999997, -3167.1600000000035, -3189.350000000006, -3062.340000000004, -3446.100000000006, -3271.7999999999956];-3288.309000000002;263.6057259960313
13680;9100;4;20;[-2960.510000000002, -3134.5799999999945, -3127.8300000000017, -2687.6600000000035, -3216.6900000000023, -3575.760000000002, -3396.8499999999985, -3637.1800000000003, -3267.480000000003, -3542.770000000004, -3385.4500000000044, -3283.5699999999997, -3866.1600000000035, -3084.1200000000026, -3462.8199999999997, -3167.1600000000035, -3189.350000000006, -3062.340000000004, -3446.100000000006, -3271.7999999999956];-3288.309000000002;263.6057259960313
10560;13260;4;20;[-719791.3500000001, -724778.85, -693525.5, -716250.7100000001, -714252.46, -695613.26, -710995.5199999999, -721186.41, -713435.06, -711755.41, -713672.1000000001, -697940.0, -712236.7300000001, -729484.2999999999, -726082.76, -729079.37, -701299.2000000001, -729840.18, -691484.24, -739289.0499999999];-714599.623;13384.927311061922
15760;7540;4;20;[2345.029999999999, 2433.590000000004, 2507.3499999999985, 2542.1699999999983, 2647.529999999999, 2420.3799999999974, 2221.3299999999945, 2471.010000000002, -949.3799999999974, 2544.970000000001, 2494.970000000001, 2553.230000000003, 2631.959999999999, 2279.1699999999983, 2969.449999999997, 2664.6500000000015, 2786.769999999997, 2606.5799999999945, 2523.9199999999983, -855.3600000000006];2191.9659999999994;1071.362785660836
11340;8580;4;20;[-10206.119999999999, -10024.23, -10268.070000000003, -9854.7, -10162.060000000005, -10110.169999999998, -10228.160000000003, -9818.349999999999, -9996.0, -10061.459999999995, -10342.300000000003, -10287.730000000003, -10234.720000000001, -9999.039999999997, -10368.82, -10082.300000000003, -10502.89, -10235.219999999998, -10336.569999999996, -10100.590000000004];-10160.975;173.8894537978235
15240;7020;4;20;[1243.0299999999988, 1496.1200000000026, 912.5699999999997, 1218.310000000005, 1491.8699999999953, 1201.0599999999977, 836.6100000000006, 1006.0500000000029, 1263.0499999999956, 845.0999999999985, 1261.5599999999977, 1518.1800000000003, 2086.8499999999985, 833.6600000000035, 2194.1200000000026, 1406.75, 1008.75, 800.9400000000023, 1153.1400000000067, 884.4199999999983];1233.1070000000004;389.9881305899609
10300;8320;4;20;[-13832.0, -13956.649999999998, -13527.66, -13761.73, -13365.120000000003, -13333.480000000003, -13472.290000000005, -13993.689999999999, -13817.579999999998, -15254.370000000003, -13734.18, -13248.380000000001, -13870.649999999998, -13564.21, -13148.230000000003, -13465.350000000002, -13726.970000000001, -12828.829999999998, -13573.569999999996, -13350.98];-13641.296;479.69420582173734
13940;10400;4;20;[-2881.3699999999953, -2463.899999999994, -2095.6600000000035, -2344.3899999999994, -2536.4300000000003, -2323.6300000000047, -2530.4200000000055, -2519.6299999999974, -2917.5, -2813.6500000000015, -2401.8399999999965, -2054.4199999999983, -2412.939999999995, -2319.739999999998, -3006.810000000005, -2339.3099999999977, -2576.510000000002, -2764.3299999999945, -2370.0899999999965, -2528.959999999999];-2510.076499999999;257.84683226318293
13680;7280;4;20;[-2960.510000000002, -3134.5799999999945, -3127.8300000000017, -2687.6600000000035, -3216.6900000000023, -3575.760000000002, -3396.8499999999985, -3637.1800000000003, -3267.480000000003, -3542.770000000004, -3385.4500000000044, -3283.5699999999997, -3866.1600000000035, -3084.1200000000026, -3462.8199999999997, -3167.1600000000035, -3189.350000000006, -3062.340000000004, -3446.100000000006, -3271.7999999999956];-3288.309000000002;263.6057259960313
10560;11700;4;20;[-719791.3500000001, -724778.85, -693525.5, -716250.7100000001, -714252.46, -695613.26, -710995.5199999999, -721186.41, -713435.06, -711755.41, -713672.1000000001, -697940.0, -712236.7300000001, -729484.2999999999, -726082.76, -729079.37, -701299.2000000001, -729840.18, -691484.24, -739289.0499999999];-714599.623;13384.927311061922
10300;13000;4;20;[-714574.48, -735803.73, -704787.68, -710617.47, -698257.5700000001, -717446.66, -705329.96, -698272.22, -707527.23, -737829.68, -715579.86, -728392.29, -716456.1900000001, -702973.38, -700428.23, -720137.4299999999, -703046.67, -708751.4299999999, -727044.86, -717066.6100000001];-713516.1815;11799.99020048892
12120;12220;4;20;[-712864.18, -715955.42, -693996.38, -714829.03, -725453.5399999999, -715199.35, -712229.28, -685104.29, -715096.26, -710091.35, -710217.55, -724976.97, -696528.26, -725983.29, -714885.63, -718400.77, -699730.5199999999, -740440.49, -712421.16, -685593.1799999999];-711499.845;13734.512417904149
11860;9880;4;20;[-9766.2, -9406.670000000002, -8958.620000000003, -9358.389999999996, -9886.230000000003, -9730.54, -9214.55, -8994.91, -9023.909999999996, -9139.349999999999, -10330.02, -9643.409999999996, -9045.570000000003, -9210.509999999995, -9485.189999999999, -8975.170000000002, -9699.809999999998, -8884.46, -9256.919999999998, -9451.220000000001];-9373.0825;378.4987725750106
12640;6760;4;20;[-6420.919999999998, -6591.3299999999945, -5971.860000000001, -6219.840000000004, -6393.210000000006, -6324.32, -6152.0899999999965, -6057.990000000005, -5870.769999999997, -6200.869999999995, -5770.659999999996, -5924.709999999999, -6326.690000000002, -5865.5999999999985, -5906.760000000002, -5985.4000000000015, -6006.520000000004, -6016.1600000000035, -5990.290000000001, -6113.959999999999];-6105.4975;217.8917633252803
14460;9620;4;20;[-926.6299999999974, -4380.469999999994, -986.2599999999948, -566.9000000000015, -1080.7099999999991, -927.1300000000047, -1758.489999999998, -684.9900000000052, -671.2599999999948, -1045.239999999998, -869.9599999999991, -1129.8399999999965, -885.6999999999971, -1038.189999999995, -1113.760000000002, -1014.7900000000009, -776.9599999999991, -1133.0800000000017, -828.8699999999953, -934.7900000000009];-1137.7009999999987;801.3284909507909
14720;8580;4;20;[-92.94999999999709, -550.010000000002, -132.27000000000407, -107.7699999999968, -614.5300000000061, -274.23999999999796, -559.5800000000017, -44.200000000004366, 191.5, -275.1800000000003, -315.73999999999796, -311.81000000000495, -584.3199999999997, -494.5199999999968, -194.47000000000116, -752.310000000005, -489.6800000000003, 56.68999999999505, -568.25, -216.44000000000233];-316.50400000000116;253.0383592181028
13420;11700;4;20;[-5429.519999999997, -5652.449999999997, -5544.489999999998, -5226.119999999995, -5265.260000000002, -5237.560000000005, -5282.449999999997, -5478.32, -5200.719999999994, -5066.389999999999, -4843.369999999995, -4574.959999999999, -5223.07, -4947.93, -5111.360000000001, -5332.309999999998, -6906.4100000000035, -5236.130000000005, -5515.6700000000055, -5153.379999999997];-5311.393499999999;450.6494436077207
12900;13000;4;20;[-705941.36, -708649.13, -712841.86, -726657.89, -699807.1499999999, -719925.85, -693231.96, -726992.62, -723500.45, -713482.99, -696348.6399999999, -691203.07, -700774.9099999999, -719847.49, -734988.62, -691344.4299999999, -702126.0, -718946.83, -696618.67, -717858.61];-710054.4265;13273.658818553033
11340;12740;4;20;[-694654.35, -699553.8, -692775.14, -690507.87, -721476.1499999999, -715594.75, -716526.2999999999, -714689.48, -690754.63, -702549.22, -724579.26, -689406.98, -687212.7799999999, -699705.84, -735533.8200000001, -691709.34, -687256.02, -705858.85, -708391.73, -703871.89];-703630.41;13928.878668370602
15500;9620;4;20;[1700.5899999999965, 1680.4599999999991, -1439.1700000000055, 1903.9100000000035, 1828.1700000000055, 1683.25, 2130.0499999999956, 1591.5899999999965, 1984.270000000004, 1771.9300000000003, 2022.6800000000003, 1757.0800000000017, 2704.8199999999997, 1284.7799999999988, 1881.969999999994, 2133.769999999997, 1810.9099999999962, 1441.6200000000026, -1573.7799999999988, 1648.3299999999945];1497.361499999999;1068.3134055247776
9520;7280;4;20;[-15954.129999999997, -15753.96, -15499.84, -15607.59, -16065.600000000002, -15798.41, -15943.460000000003, -15867.310000000001, -15621.11, -15546.080000000002, -15759.429999999997, -15883.399999999998, -15923.550000000003, -15398.48, -15895.190000000002, -15266.18, -15541.79, -15356.04, -15774.619999999995, -15655.14];-15705.5655;221.39283337126776
10300;7800;4;20;[-13481.050000000003, -13370.579999999998, -13290.090000000004, -13113.64, -13266.999999999996, -13144.060000000005, -13257.260000000002, -13389.100000000002, -13664.91, -12971.169999999998, -13348.84, -13390.450000000004, -12852.520000000004, -12838.8, -13581.21, -12880.889999999996, -13246.350000000002, -12866.380000000001, -13588.619999999999, -13171.229999999996];-13235.7075;254.9931993494607
11340;10400;4;20;[-13649.950000000004, -12881.759999999998, -13562.089999999997, -12798.470000000001, -13417.659999999996, -13193.68, -13002.880000000005, -12871.230000000003, -13141.169999999998, -13434.199999999997, -13818.260000000002, -12646.96, -13699.249999999996, -13347.759999999998, -13281.650000000001, -13221.869999999999, -12930.329999999998, -13590.04, -13263.860000000004, -13297.680000000004];-13252.5375;324.3078237509118
13160;7800;4;20;[-5044.769999999997, -4742.960000000006, -4975.840000000004, -6232.580000000002, -4840.440000000002, -4781.360000000001, -4580.049999999996, -5207.340000000004, -4960.409999999996, -5381.029999999999, -4989.3399999999965, -5243.010000000002, -5201.189999999995, -4938.5, -5020.25, -5070.040000000001, -5092.919999999998, -4970.239999999998, -4786.830000000002, -5175.690000000002];-5061.7395;336.04579453707316
11860;7800;4;20;[-8552.68, -8184.639999999999, -8514.45, -8665.219999999998, -8374.340000000004, -8901.250000000004, -8531.039999999997, -8034.130000000001, -8590.719999999998, -8239.109999999997, -8442.220000000001, -8457.32, -8423.650000000001, -8335.830000000002, -8490.93, -8159.529999999999, -8202.59, -8914.080000000002, -8531.780000000002, -8917.970000000001];-8473.174;248.78569051336282
14460;13260;4;20;[-4160.790000000001, -3770.239999999998, -3543.5, -3227.729999999996, -3665.260000000002, -4162.32, -3567.5, -3449.850000000006, -3933.600000000006, -3466.75, -3812.1600000000035, -3593.6399999999994, -3777.7599999999948, -3767.6699999999983, -3846.4500000000044, -4153.789999999994, -3699.8600000000006, -4058.060000000005, -3816.519999999997, -3840.479999999996];-3765.6965;251.9329254567782
13940;12220;4;20;[-3931.4400000000023, -3545.1100000000006, -3992.459999999999, -3712.560000000005, -3756.4400000000023, -3745.760000000002, -3337.350000000006, -4387.659999999996, -3960.949999999997, -3970.209999999999, -3587.709999999999, -3518.5699999999997, -3588.1800000000003, -3278.9199999999983, -3541.290000000001, -4035.4000000000015, -3618.0599999999977, -4120.389999999999, -3196.2000000000044, -3503.1399999999994];-3716.3900000000003;304.15393021159076
9520;11960;4;20;[-689690.95, -721632.1599999999, -702208.08, -699382.6599999999, -720123.91, -726522.51, -708343.2999999999, -707312.14, -696055.88, -729465.41, -711403.09, -714855.31, -719923.58, -722545.3999999999, -718021.2, -714172.25, -712181.61, -700479.5599999999, -715768.24, -709861.62];-711997.443;10493.236614215202
13160;10400;4;20;[-5044.769999999997, -4742.960000000006, -4975.840000000004, -6232.580000000002, -4840.440000000002, -4781.360000000001, -4580.049999999996, -5207.340000000004, -4960.409999999996, -5381.029999999999, -4989.3399999999965, -5301.279999999999, -5201.189999999995, -4938.5, -5020.25, -5070.040000000001, -5092.919999999998, -4970.239999999998, -4749.800000000003, -5175.690000000002];-5062.8015;339.64670987543894
11860;6500;4;20;[-8552.68, -8184.639999999999, -8514.45, -8665.219999999998, -8374.340000000004, -8901.250000000004, -8531.039999999997, -8034.130000000001, -8590.719999999998, -8239.109999999997, -8442.220000000001, -8457.32, -8423.650000000001, -8335.830000000002, -8490.93, -8159.529999999999, -8202.59, -8914.080000000002, -8531.780000000002, -8917.970000000001];-8473.174;248.78569051336282
12380;7020;4;20;[-7116.010000000002, -7003.559999999998, -6836.0999999999985, -7104.860000000001, -7103.560000000005, -7019.279999999999, -6628.489999999998, -6590.5, -6852.129999999997, -7522.550000000003, -6919.709999999999, -7486.82, -6584.049999999996, -6955.270000000004, -7651.979999999996, -6789.390000000007, -7602.409999999996, -7483.8299999999945, -6767.440000000002, -7042.75];-7053.0345;336.20152779130865
11080;8580;4;20;[-10718.2, -10854.539999999997, -10867.869999999999, -11083.009999999998, -10834.630000000001, -11635.79, -10683.55, -10882.2, -10907.3, -10839.989999999998, -11045.069999999996, -10866.2, -10816.019999999997, -10833.180000000004, -12798.29, -10910.679999999997, -11090.059999999998, -10552.620000000003, -10789.48, -11495.410000000003];-11025.2045;487.39097547392214
15760;7280;4;20;[2345.029999999999, 2433.590000000004, 2507.3499999999985, 2542.1699999999983, 2647.529999999999, 2420.3799999999974, 2221.3299999999945, 2471.010000000002, -949.3799999999974, 2544.970000000001, 2494.970000000001, 2553.230000000003, 2631.959999999999, 2279.1699999999983, 2969.449999999997, 2664.6500000000015, 2786.769999999997, 2606.5799999999945, 2523.9199999999983, -855.3600000000006];2191.9659999999994;1071.362785660836
14980;8840;4;20;[698.4499999999971, 400.0699999999997, 308.8099999999977, 678.9799999999959, 585.75, 463.92000000000553, -3158.100000000006, 377.5300000000061, 412.4599999999991, 421.72000000000116, 725.7699999999968, 339.7800000000061, 703.760000000002, 799.3600000000006, 734.489999999998, 578.4499999999971, -125.95999999999913, 831.0199999999968, -1718.9800000000032, 384.8099999999977];222.10449999999946;965.1843626695597
13940;8840;4;20;[-2881.3699999999953, -2463.899999999994, -2095.6600000000035, -2344.3899999999994, -2536.4300000000003, -2323.6300000000047, -2530.4200000000055, -2519.6299999999974, -2917.5, -2813.6500000000015, -2401.8399999999965, -2054.4199999999983, -2412.939999999995, -2319.739999999998, -3006.810000000005, -2339.3099999999977, -2576.510000000002, -2764.3299999999945, -2370.0899999999965, -2528.959999999999];-2510.076499999999;257.84683226318293
12120;8580;4;20;[-7797.550000000003, -7229.669999999998, -7545.889999999999, -7726.760000000002, -7789.859999999993, -8158.0999999999985, -7986.840000000004, -7926.140000000003, -7879.709999999999, -7613.830000000002, -7666.540000000001, -7084.529999999999, -8173.540000000001, -7667.630000000005, -7589.239999999998, -8051.270000000004, -7827.689999999995, -7915.9699999999975, -7748.309999999998, -7410.330000000002];-7739.47;281.45880547417164
14460;6500;4;20;[-926.6299999999974, -4380.469999999994, -986.2599999999948, -566.9000000000015, -1080.7099999999991, -927.1300000000047, -1758.489999999998, -684.9900000000052, -671.2599999999948, -1045.239999999998, -869.9599999999991, -1129.8399999999965, -885.6999999999971, -1038.189999999995, -1113.760000000002, -1014.7900000000009, -776.9599999999991, -1133.0800000000017, -828.8699999999953, -934.7900000000009];-1137.7009999999987;801.3284909507909
14980;10920;4;20;[698.4499999999971, 400.0699999999997, 308.8099999999977, 678.9799999999959, 585.75, 463.92000000000553, -3158.100000000006, 377.5300000000061, 412.4599999999991, 421.72000000000116, 725.7699999999968, 339.7800000000061, 703.760000000002, 799.3600000000006, 734.489999999998, 578.4499999999971, -125.95999999999913, 831.0199999999968, -1718.9800000000032, 384.8099999999977];222.10449999999946;965.1843626695597
14980;6760;4;20;[698.4499999999971, 400.0699999999997, 308.8099999999977, 678.9799999999959, 585.75, 463.92000000000553, -3158.100000000006, 377.5300000000061, 412.4599999999991, 421.72000000000116, 725.7699999999968, 339.7800000000061, 703.760000000002, 799.3600000000006, 734.489999999998, 578.4499999999971, -125.95999999999913, 831.0199999999968, -1718.9800000000032, 384.8099999999977];222.10449999999946;965.1843626695597
12120;11440;4;20;[-12920.57, -13070.710000000003, -13220.93, -12350.630000000001, -13408.399999999998, -13470.239999999998, -13089.48, -13011.570000000003, -12950.64, -13246.720000000001, -12776.219999999998, -12788.849999999999, -13444.560000000001, -13299.810000000001, -14628.840000000004, -12672.749999999996, -13033.73, -13066.699999999997, -12411.34, -13478.689999999999];-13117.069;480.7180188765887
15500;12220;4;20;[1700.5899999999965, 1680.4599999999991, -1439.1700000000055, 1903.9100000000035, 1828.1700000000055, 1683.25, 2130.0499999999956, 1591.5899999999965, 1984.270000000004, 1771.9300000000003, 2022.6800000000003, 1757.0800000000017, 2704.8199999999997, 1284.7799999999988, 1881.969999999994, 2133.769999999997, 1810.9099999999962, 1441.6200000000026, -1573.7799999999988, 1648.3299999999945];1497.361499999999;1068.3134055247776
11860;8320;4;20;[-8552.68, -8184.639999999999, -8514.45, -8665.219999999998, -8374.340000000004, -8901.250000000004, -8531.039999999997, -8034.130000000001, -8590.719999999998, -8239.109999999997, -8442.220000000001, -8457.32, -8423.650000000001, -8335.830000000002, -8490.93, -8159.529999999999, -8202.59, -8914.080000000002, -8531.780000000002, -8917.970000000001];-8473.174;248.78569051336282
12900;7280;4;20;[-5896.950000000004, -5977.169999999998, -5741.080000000002, -6910.529999999999, -5681.019999999997, -6028.5899999999965, -5891.879999999997, -5849.8499999999985, -5614.770000000004, -5870.169999999998, -5559.479999999996, -5373.290000000001, -5557.230000000003, -5941.529999999999, -5824.669999999998, -5914.5899999999965, -5504.059999999998, -5391.730000000003, -5831.159999999996, -5848.259999999995];-5810.400499999999;322.99158803572834
11340;11700;4;20;[-694654.35, -699553.8, -692775.14, -690507.87, -721476.1499999999, -715594.75, -716526.2999999999, -714689.48, -690754.63, -702549.22, -724579.26, -689406.98, -687212.7799999999, -699705.84, -735533.8200000001, -691709.34, -687256.02, -705858.85, -708391.73, -703871.89];-703630.41;13928.878668370602
13680;7800;4;20;[-2960.510000000002, -3134.5799999999945, -3127.8300000000017, -2687.6600000000035, -3216.6900000000023, -3575.760000000002, -3396.8499999999985, -3637.1800000000003, -3267.480000000003, -3542.770000000004, -3385.4500000000044, -3283.5699999999997, -3866.1600000000035, -3084.1200000000026, -3462.8199999999997, -3167.1600000000035, -3189.350000000006, -3062.340000000004, -3446.100000000006, -3271.7999999999956];-3288.309000000002;263.6057259960313
10040;6500;4;20;[-13962.020000000004, -13692.560000000001, -13899.570000000003, -14448.89, -14117.120000000003, -13205.760000000002, -13558.469999999998, -13682.79, -14207.639999999996, -13893.11, -13792.310000000001, -14158.719999999998, -13686.46, -13773.059999999998, -13960.330000000002, -14257.220000000001, -13796.529999999999, -13572.629999999997, -13927.009999999998, -17143.77];-14036.7985;783.8383062131535
12640;9880;4;20;[-6420.919999999998, -6591.3299999999945, -5971.860000000001, -6219.840000000004, -6393.210000000006, -6324.32, -6152.0899999999965, -6115.4000000000015, -5870.769999999997, -6200.869999999995, -5770.659999999996, -5924.709999999999, -6326.690000000002, -5865.5999999999985, -5906.760000000002, -6191.010000000002, -6006.520000000004, -6016.1600000000035, -5990.290000000001, -6113.959999999999];-6118.6485;216.34897358507578
13420;11440;4;20;[-4398.6600000000035, -4874.550000000003, -9246.289999999997, -4804.809999999998, -4615.6700000000055, -5062.0, -4688.049999999996, -4404.8499999999985, -7146.580000000002, -4647.3399999999965, -4476.6500000000015, -4675.8499999999985, -4769.6600000000035, -4739.590000000004, -4799.669999999998, -4752.3499999999985, -4508.050000000003, -4901.050000000003, -4877.220000000001, -5112.610000000001];-5075.075000000001;1136.7036307096146
11860;8840;4;20;[-8552.68, -8184.639999999999, -8514.45, -8665.219999999998, -8374.340000000004, -8901.250000000004, -8531.039999999997, -8034.130000000001, -8590.719999999998, -8239.109999999997, -8442.220000000001, -8457.32, -8423.650000000001, -8335.830000000002, -8490.93, -8159.529999999999, -8202.59, -8914.080000000002, -8531.780000000002, -8917.970000000001];-8473.174;248.78569051336282
10300;6760;4;20;[-13463.400000000001, -13340.89, -13231.02, -13296.29, -13303.120000000003, -13178.999999999996, -12723.119999999999, -13106.449999999997, -13433.740000000002, -13226.740000000002, -13304.820000000003, -12379.39, -13107.29, -12838.8, -13270.57, -13042.099999999999, -13492.210000000003, -13308.220000000001, -13264.400000000005, -13139.389999999996];-13172.548;266.0888163080347
14460;8320;4;20;[-926.6299999999974, -4380.469999999994, -986.2599999999948, -566.9000000000015, -1080.7099999999991, -927.1300000000047, -1758.489999999998, -684.9900000000052, -671.2599999999948, -1045.239999999998, -869.9599999999991, -1129.8399999999965, -885.6999999999971, -1038.189999999995, -1113.760000000002, -1014.7900000000009, -776.9599999999991, -1133.0800000000017, -828.8699999999953, -934.7900000000009];-1137.7009999999987;801.3284909507909
12120;12480;4;20;[-712864.18, -715955.42, -693996.38, -714829.03, -725453.5399999999, -715199.35, -712229.28, -685104.29, -715096.26, -710091.35, -710217.55, -724976.97, -696528.26, -725983.29, -714885.63, -718400.77, -699730.5199999999, -740440.49, -712421.16, -685593.1799999999];-711499.845;13734.512417904149
14980;11700;4;20;[698.4499999999971, 400.0699999999997, 308.8099999999977, 678.9799999999959, 585.75, 463.92000000000553, -3158.100000000006, 377.5300000000061, 412.4599999999991, 421.72000000000116, 725.7699999999968, 339.7800000000061, 703.760000000002, 799.3600000000006, 734.489999999998, 578.4499999999971, -125.95999999999913, 831.0199999999968, -1718.9800000000032, 384.8099999999977];222.10449999999946;965.1843626695597
13420;6500;4;20;[-4361.510000000002, -4052.760000000002, -3880.800000000003, -4223.869999999995, -4002.1299999999974, -4342.68, -4375.440000000002, -3841.6600000000035, -3714.6299999999974, -4111.1500000000015, -4169.580000000002, -4003.199999999997, -4041.899999999994, -4190.630000000005, -4184.1500000000015, -4042.6500000000015, -4071.4400000000023, -3986.6100000000006, -4102.699999999997, -4157.25];-4092.8370000000004;169.4926884962427
15500;12480;4;20;[1700.5899999999965, 1680.4599999999991, -1439.1700000000055, 1903.9100000000035, 1828.1700000000055, 1683.25, 2130.0499999999956, 1591.5899999999965, 1984.270000000004, 1771.9300000000003, 2022.6800000000003, 1757.0800000000017, 2704.8199999999997, 1284.7799999999988, 1881.969999999994, 2133.769999999997, 1810.9099999999962, 1441.6200000000026, -1573.7799999999988, 1648.3299999999945];1497.361499999999;1068.3134055247776
15240;9620;4;20;[1243.0299999999988, 1496.1200000000026, 912.5699999999997, 1218.310000000005, 1491.8699999999953, 1201.0599999999977, 836.6100000000006, 1006.0500000000029, 1263.0499999999956, 845.0999999999985, 1261.5599999999977, 1518.1800000000003, 2086.8499999999985, 833.6600000000035, 2194.1200000000026, 1406.75, 1008.75, 800.9400000000023, 1153.1400000000067, 884.4199999999983];1233.1070000000004;389.9881305899609
14720;6760;4;20;[-92.94999999999709, -550.010000000002, -132.27000000000407, -107.7699999999968, -614.5300000000061, -274.23999999999796, -559.5800000000017, -44.200000000004366, 191.5, -275.1800000000003, -315.73999999999796, -311.81000000000495, -584.3199999999997, -494.5199999999968, -194.47000000000116, -752.310000000005, -489.6800000000003, 56.68999999999505, -568.25, -216.44000000000233];-316.50400000000116;253.0383592181028
12900;13260;4;20;[-705941.36, -708649.13, -712841.86, -726657.89, -699807.1499999999, -719925.85, -693231.96, -726992.62, -723500.45, -713482.99, -696348.6399999999, -691203.07, -700774.9099999999, -719847.49, -734988.62, -691344.4299999999, -702126.0, -718946.83, -696618.67, -717858.61];-710054.4265;13273.658818553033
12380;10660;4;20;[-8060.930000000004, -7686.059999999998, -7622.57, -8172.48, -7393.350000000002, -7749.689999999999, -8262.890000000003, -7992.699999999997, -7611.459999999999, -8415.069999999996, -8187.760000000002, -7722.700000000001, -7522.630000000001, -8191.739999999998, -8575.219999999998, -7988.799999999996, -7674.559999999998, -8481.849999999999, -7943.9100000000035, -7998.119999999999];-7962.724499999999;333.9408758018633
13680;13260;4;20;[-12770.119999999999, -13159.39, -12797.910000000003, -12492.630000000005, -12939.750000000004, -12422.18, -12137.990000000002, -14097.61, -11977.93, -12267.770000000004, -13590.520000000004, -12460.100000000002, -13354.73, -12068.989999999998, -12170.260000000002, -12829.009999999998, -14111.699999999997, -12452.970000000001, -13146.830000000002, -13136.479999999996];-12819.2435;628.9083575552912
14720;12740;4;20;[-946.4599999999991, -1394.8399999999965, -880.6200000000026, -669.9000000000015, -1250.3199999999997, -648.6699999999983, -1294.0699999999997, -746.8199999999997, -1021.5599999999977, -952.1399999999994, -1066.9700000000012, -1130.3299999999945, -1074.699999999997, -1494.9700000000012, -1371.9700000000012, -987.5599999999977, -1435.9600000000064, -1213.949999999997, -1744.0, -1386.1000000000058];-1135.5955;290.43462624279124
14460;11960;4;20;[-1241.8700000000026, -1060.8600000000006, -1000.25, -3685.8300000000017, -881.3099999999977, -1296.1399999999994, -675.0699999999997, -587.2700000000041, -652.6199999999953, -1070.560000000005, -1903.0, -1294.8699999999953, -1110.9599999999991, -1322.510000000002, -1792.7699999999968, -2047.0, -1357.739999999998, -1185.9000000000015, -1827.4100000000035, -870.7200000000012];-1343.2330000000002;689.4050123197388
13160;7540;4;20;[-5044.769999999997, -4742.960000000006, -4975.840000000004, -6232.580000000002, -4840.440000000002, -4781.360000000001, -4580.049999999996, -5207.340000000004, -4960.409999999996, -5381.029999999999, -4989.3399999999965, -5243.010000000002, -5201.189999999995, -4938.5, -5020.25, -5070.040000000001, -5092.919999999998, -4970.239999999998, -4786.830000000002, -5175.690000000002];-5061.7395;336.04579453707316
9520;9620;4;20;[-689690.95, -721632.1599999999, -702208.08, -699382.6599999999, -720123.91, -726522.51, -708343.2999999999, -707312.14, -696055.88, -729465.41, -711403.09, -714855.31, -719923.58, -722545.3999999999, -718021.2, -714172.25, -712181.61, -700479.5599999999, -715768.24, -709861.62];-711997.443;10493.236614215202
14720;7800;4;20;[-92.94999999999709, -550.010000000002, -132.27000000000407, -107.7699999999968, -614.5300000000061, -274.23999999999796, -559.5800000000017, -44.200000000004366, 191.5, -275.1800000000003, -315.73999999999796, -311.81000000000495, -584.3199999999997, -494.5199999999968, -194.47000000000116, -752.310000000005, -489.6800000000003, 56.68999999999505, -568.25, -216.44000000000233];-316.50400000000116;253.0383592181028
10040;6760;4;20;[-13962.020000000004, -13692.560000000001, -13899.570000000003, -14448.89, -14117.120000000003, -13205.760000000002, -13558.469999999998, -13682.79, -14207.639999999996, -13893.11, -13792.310000000001, -14158.719999999998, -13686.46, -13773.059999999998, -13960.330000000002, -14257.220000000001, -13796.529999999999, -13572.629999999997, -13927.009999999998, -17143.77];-14036.7985;783.8383062131535
15240;12220;4;20;[1243.0299999999988, 1496.1200000000026, 912.5699999999997, 1218.310000000005, 1491.8699999999953, 1201.0599999999977, 836.6100000000006, 1006.0500000000029, 1263.0499999999956, 845.0999999999985, 1261.5599999999977, 1518.1800000000003, 2086.8499999999985, 833.6600000000035, 2194.1200000000026, 1406.75, 1008.75, 800.9400000000023, 1153.1400000000067, 884.4199999999983];1233.1070000000004;389.9881305899609
9260;10660;4;20;[-692772.12, -695464.73, -732282.86, -710506.11, -740975.77, -728122.84, -734316.9, -715148.5299999999, -732986.5599999999, -711286.2899999999, -696621.59, -717116.65, -697377.36, -724732.2000000001, -702505.69, -732265.13, -704165.1499999999, -686465.19, -706003.98, -707107.76];-713411.1705;16186.55934031706
12120;9360;4;20;[-7797.550000000003, -7229.669999999998, -7545.889999999999, -7726.760000000002, -7789.859999999993, -8158.0999999999985, -7986.840000000004, -7926.140000000003, -7879.709999999999, -7613.830000000002, -7666.540000000001, -7084.529999999999, -8173.540000000001, -7667.630000000005, -7589.239999999998, -8051.270000000004, -7827.689999999995, -7915.9699999999975, -7748.309999999998, -7410.330000000002];-7739.47;281.45880547417164
12120;11700;4;20;[-16067.400000000001, -15960.030000000002, -16543.04, -15706.879999999997, -17158.53, -16244.919999999998, -16519.14, -15649.640000000003, -15430.84, -16246.0, -16373.019999999997, -17485.29, -15926.490000000002, -16327.529999999999, -16047.34, -17015.190000000002, -16358.749999999996, -15803.920000000002, -17436.72, -16564.85];-16343.276;573.5489508994805
15240;13000;4;20;[1203.9300000000003, 375.36999999999534, 371.5, 494.97000000000116, 1469.6699999999983, 600.7699999999968, 752.1699999999983, 518.5599999999977, 374.18999999999505, 1147.939999999995, 1361.7099999999991, 334.3600000000006, 580.5200000000041, -273.2299999999959, 1093.949999999997, 569.5199999999968, 451.0, 506.3000000000029, -105.93000000000029, 463.43999999999505];614.5354999999988;448.27799527425447
13680;9620;4;20;[-2960.510000000002, -3134.5799999999945, -3127.8300000000017, -2687.6600000000035, -3216.6900000000023, -3575.760000000002, -3396.8499999999985, -3637.1800000000003, -3267.480000000003, -3542.770000000004, -3385.4500000000044, -3283.5699999999997, -3866.1600000000035, -3084.1200000000026, -3462.8199999999997, -3167.1600000000035, -3189.350000000006, -3062.340000000004, -3446.100000000006, -3271.7999999999956];-3288.309000000002;263.6057259960313
13940;8320;4;20;[-2881.3699999999953, -2463.899999999994, -2095.6600000000035, -2344.3899999999994, -2536.4300000000003, -2323.6300000000047, -2530.4200000000055, -2519.6299999999974, -2917.5, -2813.6500000000015, -2401.8399999999965, -2054.4199999999983, -2412.939999999995, -2319.739999999998, -3006.810000000005, -2339.3099999999977, -2576.510000000002, -2764.3299999999945, -2370.0899999999965, -2528.959999999999];-2510.076499999999;257.84683226318293
10820;6760;4;20;[-11559.550000000003, -11845.529999999999, -11755.960000000003, -11641.259999999995, -11731.650000000001, -11643.0, -11746.09, -11126.969999999998, -11663.720000000001, -11620.759999999998, -11411.009999999998, -11756.399999999998, -11845.210000000003, -11492.71, -11705.190000000002, -11689.219999999998, -12058.070000000003, -11557.030000000002, -11133.52, -12052.04];-11651.7445;239.25647382705918
9780;7280;4;20;[-14385.190000000002, -15061.600000000002, -15094.730000000003, -13967.93, -14548.289999999997, -14062.939999999999, -14184.75, -15258.999999999996, -14969.5, -14926.359999999997, -14651.719999999998, -14504.21, -14432.100000000002, -14935.339999999997, -14713.360000000004, -15024.960000000003, -15244.120000000003, -14285.830000000002, -14225.690000000002, -13946.090000000004];-14621.1855;426.89878020655175
14720;8840;4;20;[-92.94999999999709, -550.010000000002, -132.27000000000407, -107.7699999999968, -614.5300000000061, -274.23999999999796, -559.5800000000017, -44.200000000004366, 191.5, -275.1800000000003, -315.73999999999796, -311.81000000000495, -584.3199999999997, -494.5199999999968, -194.47000000000116, -752.310000000005, -489.6800000000003, 56.68999999999505, -568.25, -216.44000000000233];-316.50400000000116;253.0383592181028
15760;13000;4;20;[2345.029999999999, 2433.590000000004, 2507.3499999999985, 2542.1699999999983, 2647.529999999999, 2420.3799999999974, 2221.3299999999945, 2471.010000000002, 2652.2999999999956, 2544.970000000001, 2494.970000000001, 2553.230000000003, 2631.959999999999, 2279.1699999999983, 2969.449999999997, 2664.6500000000015, 2786.769999999997, 2606.5799999999945, 2523.9199999999983, -855.3600000000006];2372.049999999999;778.114925559809
14200;11180;4;20;[-1362.2799999999988, -1566.7799999999988, -2175.0699999999997, -2005.6800000000003, -1741.9900000000052, -1434.2799999999988, -4330.449999999997, -2001.5400000000009, -1497.9599999999991, -1653.4599999999991, -2288.760000000002, -1782.8099999999977, -1789.4000000000015, -1806.449999999997, -1474.1100000000006, -1893.520000000004, -1594.739999999998, -1853.2200000000012, -4143.800000000003, -1669.1800000000003];-2003.2740000000001;801.5098307004562
14720;7020;4;20;[-92.94999999999709, -550.010000000002, -132.27000000000407, -107.7699999999968, -614.5300000000061, -274.23999999999796, -559.5800000000017, -44.200000000004366, 191.5, -275.1800000000003, -315.73999999999796, -311.81000000000495, -584.3199999999997, -494.5199999999968, -194.47000000000116, -752.310000000005, -489.6800000000003, 56.68999999999505, -568.25, -216.44000000000233];-316.50400000000116;253.0383592181028
13160;7280;4;20;[-5044.769999999997, -4742.960000000006, -4975.840000000004, -6232.580000000002, -4840.440000000002, -4781.360000000001, -4580.049999999996, -5207.340000000004, -4960.409999999996, -5381.029999999999, -4989.3399999999965, -5243.010000000002, -5201.189999999995, -4938.5, -5020.25, -5070.040000000001, -5092.919999999998, -4970.239999999998, -4786.830000000002, -5175.690000000002];-5061.7395;336.04579453707316
9260;12740;4;20;[-692772.12, -695464.73, -732282.86, -710506.11, -740975.77, -728122.84, -734316.9, -715148.5299999999, -732986.5599999999, -711286.2899999999, -696621.59, -717116.65, -697377.36, -724732.2000000001, -702505.69, -732265.13, -704165.1499999999, -686465.19, -706003.98, -707107.76];-713411.1705;16186.55934031706
12640;12740;4;20;[-697759.01, -701626.5, -726821.01, -714927.04, -721549.7100000001, -675550.1100000001, -694642.84, -714393.1, -717541.48, -702713.59, -695352.91, -705057.72, -695680.1000000001, -715856.31, -709389.35, -712711.07, -742275.5499999999, -696691.1, -703335.2699999999, -703899.1599999999];-707388.6465;14258.17050487165
9520;7020;4;20;[-15453.04, -15261.73, -15886.560000000001, -15099.71, -15165.770000000004, -15273.689999999999, -15338.209999999995, -15361.95, -15780.650000000005, -15788.250000000004, -15303.02, -15883.399999999998, -15436.580000000002, -15043.170000000002, -15111.300000000003, -15286.320000000003, -15164.919999999998, -15757.139999999996, -15940.189999999999, -15409.100000000002];-15437.235;293.39669019228785
10300;11180;4;20;[-714574.48, -735803.73, -704787.68, -710617.47, -698257.5700000001, -717446.66, -705329.96, -698272.22, -707527.23, -737829.68, -715579.86, -728392.29, -716456.1900000001, -702973.38, -700428.23, -720137.4299999999, -703046.67, -708751.4299999999, -727044.86, -717066.6100000001];-713516.1815;11799.99020048892
12640;7020;4;20;[-6420.919999999998, -6591.3299999999945, -5971.860000000001, -6219.840000000004, -6393.210000000006, -6324.32, -6152.0899999999965, -6057.990000000005, -5870.769999999997, -6200.869999999995, -5770.659999999996, -5924.709999999999, -6326.690000000002, -5865.5999999999985, -5906.760000000002, -5985.4000000000015, -6006.520000000004, -6016.1600000000035, -5990.290000000001, -6113.959999999999];-6105.4975;217.8917633252803
11080;13260;4;20;[-687464.19, -714029.0199999999, -691731.15, -700939.51, -737561.52, -688966.89, -709386.97, -690817.3200000001, -706007.28, -709515.9099999999, -725416.81, -726394.06, -701057.06, -706574.57, -715806.2300000001, -689430.86, -700338.0599999999, -713951.2100000001, -725811.64, -712995.65];-707709.7955;14224.693996700358
11080;7020;4;20;[-10718.2, -10784.489999999998, -10930.099999999999, -10320.3, -10760.400000000001, -11043.589999999997, -11059.0, -10996.220000000001, -11097.34, -10501.830000000002, -10813.79, -11565.379999999997, -11163.909999999996, -10655.380000000001, -12739.510000000002, -10352.299999999996, -11100.61, -10770.900000000005, -10771.75, -11381.190000000002];-10976.3095;518.4664937199543
9520;10400;4;20;[-689690.95, -721632.1599999999, -702208.08, -699382.6599999999, -720123.91, -726522.51, -708343.2999999999, -707312.14, -696055.88, -729465.41, -711403.09, -714855.31, -719923.58, -722545.3999999999, -718021.2, -714172.25, -712181.61, -700479.5599999999, -715768.24, -709861.62];-711997.443;10493.236614215202
9000;8320;4;20;[-21056.899999999998, -21188.010000000002, -20805.929999999997, -20750.37, -20738.610000000004, -20907.11, -20143.449999999997, -20773.020000000004, -21170.369999999995, -20722.239999999998, -20769.75, -21051.4, -20690.46, -21180.039999999997, -21101.0, -20687.790000000005, -21032.739999999998, -20252.41, -20360.339999999997, -20828.479999999996];-20810.521;297.26426008732227
15240;10920;4;20;[1243.0299999999988, 1496.1200000000026, 912.5699999999997, 1218.310000000005, 1491.8699999999953, 1201.0599999999977, 836.6100000000006, 1006.0500000000029, 1263.0499999999956, 845.0999999999985, 1261.5599999999977, 1518.1800000000003, 2086.8499999999985, 833.6600000000035, 2194.1200000000026, 1406.75, 1008.75, 800.9400000000023, 1153.1400000000067, 884.4199999999983];1233.1070000000004;389.9881305899609
10560;7020;4;20;[-12471.11, -12173.559999999998, -12428.11, -12599.199999999997, -12655.32, -12533.66, -12687.059999999998, -12337.669999999998, -12504.98, -12165.979999999996, -12645.790000000005, -12935.41, -12060.219999999998, -12051.93, -12129.870000000003, -12125.069999999996, -12329.479999999996, -12370.729999999996, -12018.580000000002, -12725.170000000002];-12397.445;263.68670849483937
9000;8580;4;20;[-22901.85, -23904.110000000004, -22997.829999999998, -22402.850000000002, -23429.949999999997, -23062.02, -23331.190000000002, -23263.87, -23694.05, -23666.659999999996, -22398.85, -23112.410000000003, -23603.2, -23303.83, -22762.04, -23235.79, -23540.92, -23268.949999999997, -24684.45, -22759.780000000002];-23266.23;526.2898764489314
9260;12220;4;20;[-692772.12, -695464.73, -732282.86, -710506.11, -740975.77, -728122.84, -734316.9, -715148.5299999999, -732986.5599999999, -711286.2899999999, -696621.59, -717116.65, -697377.36, -724732.2000000001, -702505.69, -732265.13, -704165.1499999999, -686465.19, -706003.98, -707107.76];-713411.1705;16186.55934031706
14720;10660;4;20;[-92.94999999999709, -550.010000000002, -132.27000000000407, -107.7699999999968, -614.5300000000061, -274.23999999999796, -559.5800000000017, -44.200000000004366, 191.5, -275.1800000000003, -315.73999999999796, -311.81000000000495, -584.3199999999997, -494.5199999999968, -194.47000000000116, -752.310000000005, -489.6800000000003, 56.68999999999505, -568.25, -216.44000000000233];-316.50400000000116;253.0383592181028
10040;8580;4;20;[-15533.75, -14882.559999999998, -15301.650000000001, -15481.849999999999, -15127.71, -15125.839999999997, -14771.489999999998, -15234.849999999999, -15146.089999999997, -14858.86, -14863.989999999998, -15387.52, -14989.39, -15333.96, -15313.390000000003, -14734.689999999999, -14940.969999999998, -15396.019999999997, -15139.099999999999, -15152.050000000003];-15135.786499999998;239.03016498198718
12380;9620;4;20;[-7116.010000000002, -7006.879999999997, -6836.0999999999985, -7104.860000000001, -7103.560000000005, -7019.279999999999, -6628.489999999998, -6590.5, -6852.129999999997, -7522.550000000003, -6919.709999999999, -7486.82, -6584.049999999996, -6955.270000000004, -7651.979999999996, -6789.390000000007, -7602.409999999996, -7483.8299999999945, -6767.440000000002, -7042.75];-7053.2005;336.176632699866
12120;7280;4;20;[-7797.550000000003, -7229.669999999998, -7545.889999999999, -7726.760000000002, -7789.859999999993, -8158.0999999999985, -7986.840000000004, -7926.140000000003, -7879.709999999999, -7613.830000000002, -7666.540000000001, -7084.529999999999, -8173.540000000001, -7667.630000000005, -7589.239999999998, -8051.270000000004, -7827.689999999995, -7915.9699999999975, -7748.309999999998, -7410.330000000002];-7739.47;281.45880547417164
9780;8840;4;20;[-17125.739999999998, -17462.090000000004, -17155.659999999996, -16854.42, -16988.960000000003, -17100.229999999996, -17464.6, -17231.310000000005, -17005.660000000003, -17467.839999999997, -17377.44, -17275.340000000004, -17230.18, -17225.690000000002, -17220.120000000003, -17282.090000000004, -17270.670000000002, -16949.799999999996, -17689.920000000002, -17207.58];-17229.267;200.91981453987327
9520;12740;4;20;[-689690.95, -721632.1599999999, -702208.08, -699382.6599999999, -720123.91, -726522.51, -708343.2999999999, -707312.14, -696055.88, -729465.41, -711403.09, -714855.31, -719923.58, -722545.3999999999, -718021.2, -714172.25, -712181.61, -700479.5599999999, -715768.24, -709861.62];-711997.443;10493.236614215202
10300;12740;4;20;[-714574.48, -735803.73, -704787.68, -710617.47, -698257.5700000001, -717446.66, -705329.96, -698272.22, -707527.23, -737829.68, -715579.86, -728392.29, -716456.1900000001, -702973.38, -700428.23, -720137.4299999999, -703046.67, -708751.4299999999, -727044.86, -717066.6100000001];-713516.1815;11799.99020048892
11340;6760;4;20;[-10206.119999999999, -10024.23, -10268.070000000003, -9854.7, -10375.79, -10110.169999999998, -10228.160000000003, -9818.349999999999, -9996.0, -10061.459999999995, -10351.989999999998, -10287.730000000003, -10234.720000000001, -9999.039999999997, -10368.82, -10082.300000000003, -10502.89, -10235.219999999998, -10336.569999999996, -10100.590000000004];-10172.146;180.8997625147551
12900;11180;4;20;[-6644.540000000001, -7267.1600000000035, -6126.75, -6497.230000000003, -6613.940000000002, -6284.559999999998, -6090.419999999998, -6349.080000000002, -6942.850000000006, -10032.410000000003, -6546.340000000004, -6360.740000000005, -7059.43, -6337.25, -6716.040000000001, -7247.050000000003, -8494.7, -6322.489999999998, -6801.070000000007, -6776.470000000001];-6875.526000000002;917.5334142855656
9000;7280;4;20;[-17540.54, -17380.76, -17166.960000000003, -17847.15, -17678.850000000002, -20047.140000000003, -17560.800000000003, -18105.98, -17586.529999999995, -17388.530000000002, -17874.6, -17537.92, -17281.820000000003, -17625.100000000002, -18006.28, -17466.43, -18265.629999999997, -17235.050000000003, -17803.71, -17374.399999999998];-17738.709;617.5182298429911
11340;10140;4;20;[-12257.82, -11885.41, -12373.84, -12268.339999999997, -12295.7, -11498.73, -12478.779999999999, -12184.46, -12041.419999999998, -12518.769999999997, -11931.36, -12196.25, -12231.839999999997, -12298.57, -12243.359999999997, -12044.349999999999, -12562.710000000003, -12336.360000000004, -11914.439999999999, -12207.45];-12188.498;249.3133283662402
14200;7280;4;20;[-1362.2799999999988, -1566.7799999999988, -2175.0699999999997, -2005.6800000000003, -1741.9900000000052, -1434.2799999999988, -4330.449999999997, -2001.5400000000009, -1497.9599999999991, -1653.4599999999991, -2288.760000000002, -1782.8099999999977, -1789.4000000000015, -1806.449999999997, -1474.1100000000006, -1893.520000000004, -1594.739999999998, -1853.2200000000012, -4143.800000000003, -1669.1800000000003];-2003.2740000000001;801.5098307004562
10300;6500;4;20;[-13463.400000000001, -13340.89, -13231.02, -13296.29, -13303.120000000003, -13178.999999999996, -12723.119999999999, -13106.449999999997, -13433.740000000002, -13226.740000000002, -13304.820000000003, -12379.39, -13107.29, -12838.8, -13270.57, -13042.099999999999, -13492.210000000003, -13308.220000000001, -13264.400000000005, -13139.389999999996];-13172.548;266.0888163080347
9520;6500;4;20;[-15452.68, -15501.93, -15264.030000000002, -15078.190000000002, -15109.580000000002, -14974.45, -15348.059999999998, -15512.170000000002, -15188.900000000001, -15066.779999999999, -15102.020000000004, -15518.119999999999, -15418.07, -15043.170000000002, -14962.529999999999, -15286.320000000003, -15210.190000000002, -15330.959999999995, -15273.54, -15409.100000000002];-15252.5395;181.83403423176824
13940;10660;4;20;[-2881.3699999999953, -2463.899999999994, -2095.6600000000035, -2344.3899999999994, -2536.4300000000003, -2323.6300000000047, -2530.4200000000055, -2519.6299999999974, -2917.5, -2813.6500000000015, -2401.8399999999965, -2054.4199999999983, -2412.939999999995, -2319.739999999998, -3006.810000000005, -2339.3099999999977, -2576.510000000002, -2764.3299999999945, -2370.0899999999965, -2528.959999999999];-2510.076499999999;257.84683226318293
12120;12740;4;20;[-712864.18, -715955.42, -693996.38, -714829.03, -725453.5399999999, -715199.35, -712229.28, -685104.29, -715096.26, -710091.35, -710217.55, -724976.97, -696528.26, -725983.29, -714885.63, -718400.77, -699730.5199999999, -740440.49, -712421.16, -685593.1799999999];-711499.845;13734.512417904149
13160;6500;4;20;[-5044.769999999997, -4742.960000000006, -4975.840000000004, -6232.580000000002, -4840.440000000002, -4781.360000000001, -4580.049999999996, -5207.340000000004, -4960.409999999996, -5381.029999999999, -4989.3399999999965, -5243.010000000002, -5201.189999999995, -4938.5, -5020.25, -5070.040000000001, -5092.919999999998, -4970.239999999998, -4786.830000000002, -5175.690000000002];-5061.7395;336.04579453707316
9520;9100;4;20;[-22061.370000000003, -22533.289999999997, -22151.809999999998, -21971.489999999998, -21703.0, -22405.980000000003, -21730.28, -22390.489999999998, -20889.230000000003, -21162.48, -22637.27, -22005.7, -22074.500000000004, -21958.1, -22106.239999999998, -21802.670000000002, -21419.349999999995, -21246.249999999996, -21710.57, -21944.86];-21895.2465;456.6380925078531
11860;9620;4;20;[-9050.91, -8820.059999999998, -8814.89, -9358.389999999996, -9243.099999999999, -9234.68, -8541.73, -9102.149999999998, -9212.530000000002, -8736.170000000002, -10445.16, -8950.07, -8843.64, -9137.189999999999, -9098.91, -8802.52, -8488.190000000002, -8823.149999999998, -9782.98, -9178.55];-9083.2485;437.07529007296694
14980;13000;4;20;[-636.0, -808.4499999999971, 504.02999999999884, -127.27999999999884, 264.0500000000029, -557.6699999999983, -165.20999999999913, -1048.979999999996, -234.2300000000032, -628.2300000000032, -381.75, -516.6600000000035, -48.94000000000233, -289.8199999999997, -493.5, -197.07999999999447, 13.159999999996217, -30.040000000000873, -2303.3199999999997, 179.91999999999825];-375.3;588.9068485896465
13940;9100;4;20;[-2881.3699999999953, -2463.899999999994, -2095.6600000000035, -2344.3899999999994, -2536.4300000000003, -2323.6300000000047, -2530.4200000000055, -2519.6299999999974, -2917.5, -2813.6500000000015, -2401.8399999999965, -2054.4199999999983, -2412.939999999995, -2319.739999999998, -3006.810000000005, -2339.3099999999977, -2576.510000000002, -2764.3299999999945, -2370.0899999999965, -2528.959999999999];-2510.076499999999;257.84683226318293
13940;7800;4;20;[-2881.3699999999953, -2463.899999999994, -2095.6600000000035, -2344.3899999999994, -2536.4300000000003, -2323.6300000000047, -2530.4200000000055, -2519.6299999999974, -2917.5, -2813.6500000000015, -2401.8399999999965, -2054.4199999999983, -2412.939999999995, -2319.739999999998, -3006.810000000005, -2339.3099999999977, -2576.510000000002, -2764.3299999999945, -2370.0899999999965, -2528.959999999999];-2510.076499999999;257.84683226318293
15240;13260;4;20;[264.51000000000204, 637.4599999999991, 1095.7200000000012, 970.4800000000032, 355.1999999999971, 1016.3799999999974, 356.86999999999534, -441.3000000000029, 669.1399999999994, 432.0400000000009, 117.28000000000611, -1512.979999999996, 890.739999999998, 205.63999999999942, 651.4599999999991, 709.7299999999959, 110.09999999999854, 353.7900000000009, 188.5, 465.3400000000038];376.80499999999995;578.1489014495899
14200;13260;4;20;[-5184.959999999999, -6061.9000000000015, -5863.209999999999, -6089.659999999996, -6025.169999999998, -5052.6500000000015, -5648.220000000001, -5902.659999999996, -5191.510000000002, -5512.230000000003, -5036.270000000004, -5796.270000000004, -5628.209999999999, -5648.8399999999965, -5522.889999999999, -5656.4000000000015, -5178.169999999998, -5586.669999999998, -5447.490000000005, -6685.229999999996];-5635.9305;408.1677184619976
13680;13000;4;20;[-9826.859999999997, -11026.740000000002, -9073.920000000002, -8711.279999999999, -9276.82, -8645.410000000003, -8824.460000000003, -9231.48, -9962.140000000003, -9525.570000000003, -9853.409999999996, -9524.07, -10172.29, -8866.570000000003, -8884.370000000003, -8892.199999999997, -8544.2, -8611.970000000001, -8691.919999999998, -8490.91];-9231.8295;665.9547476287037
13160;10920;4;20;[-5318.639999999999, -5438.93, -5094.3499999999985, -4805.510000000002, -5333.8399999999965, -5313.610000000001, -5055.909999999996, -5401.540000000001, -4735.529999999999, -5781.129999999997, -4841.550000000003, -5073.559999999998, -5154.340000000004, -5165.090000000004, -5617.220000000001, -5978.43, -4912.580000000002, -5473.879999999997, -5705.979999999996, -5135.489999999998];-5266.8555;335.5905932355039
14200;10140;4;20;[-1362.2799999999988, -1566.7799999999988, -2175.0699999999997, -2005.6800000000003, -1741.9900000000052, -1434.2799999999988, -4330.449999999997, -2001.5400000000009, -1497.9599999999991, -1653.4599999999991, -2288.760000000002, -1782.8099999999977, -1789.4000000000015, -1806.449999999997, -1474.1100000000006, -1893.520000000004, -1594.739999999998, -1853.2200000000012, -4143.800000000003, -1669.1800000000003];-2003.2740000000001;801.5098307004562
12900;7020;4;20;[-5896.950000000004, -5977.169999999998, -5741.080000000002, -6910.529999999999, -5681.019999999997, -6028.5899999999965, -5891.879999999997, -5849.8499999999985, -5614.770000000004, -5870.169999999998, -5559.479999999996, -5373.290000000001, -5557.230000000003, -5941.529999999999, -5824.669999999998, -5914.5899999999965, -5504.059999999998, -5391.730000000003, -5831.159999999996, -5848.259999999995];-5810.400499999999;322.99158803572834
13160;8840;4;20;[-5044.769999999997, -4742.960000000006, -4975.840000000004, -6232.580000000002, -4840.440000000002, -4781.360000000001, -4580.049999999996, -5207.340000000004, -4960.409999999996, -5381.029999999999, -4989.3399999999965, -5243.010000000002, -5201.189999999995, -4938.5, -5020.25, -5070.040000000001, -5092.919999999998, -4970.239999999998, -4786.830000000002, -5175.690000000002];-5061.7395;336.04579453707316
